,n,BF,posteriorMedian,95% CRI,meanHC,meanPD
0,11,1.0046254719697552,0.40222489221739594,"[0.03, 1.09]",121.78409436363637,102.9659090909091
