,n,BF,posteriorMedian,95% CRI,meanHC,meanPD
0,11,0.47107378108902254,0.258701638512818,"[0.02, 0.84]",116.60277969301768,102.98751435118166
1,15,2.128170954192666,0.5304427613663156,"[0.05, 1.22]",126.69253131851958,101.873059331803
2,20,1.8671448818786809,0.4636946765069496,"[0.04, 1.05]",120.721132744545,105.19020315210987
3,30,15.84003909790098,0.6530923723152602,"[0.18, 1.16]",127.06542110100175,105.65956715472352
4,50,24.171434972257394,0.5655253855314937,"[0.17, 0.99]",119.101344344474,98.92345804998992
5,75,33.31287169236605,0.5608599931705578,"[0.22, 0.91]",120.27584459268601,99.46807160241104
