,n,BF,posteriorMedian,95% CRI,meanHC,sdHC,meanPD,sdPD
0,11,0.7351108264639094,0.3486432568986967,"[0.02, 1.01]",116.60277969301768,35.676396945757055,102.98751435118166,28.32417666232676
1,15,2.4133740834890927,0.5551207909986822,"[0.05, 1.25]",126.69253131851958,35.28241804266406,101.873059331803,24.398571559957556
2,20,1.5970369943290061,0.461624788714234,"[0.04, 1.02]",120.721132744545,31.501187406763325,105.19020315210987,29.118278418642387
3,30,16.098808625552095,0.6747831121392268,"[0.19, 1.19]",127.06542110100175,25.697211810344054,105.65956715472352,28.261728715175085
4,50,21.91786385821701,0.5644095911671221,"[0.17, 0.95]",119.101344344474,32.689831209926375,98.92345804998992,27.399378604256665
5,75,76.04998171048119,0.5819570783593271,"[0.26, 0.91]",120.27584459268601,29.816005777093174,99.46807160241104,24.088803252912452
